id;first_name;last_name;email;address;phone
1;Chanel;Rice;Josie_Legros@hotmail.com;blitz wean towards;(691) 867-1846 x736
2;Kayla;Larson;Benny_Herzog@gmail.com;sleepy developer;1-289-639-0956 x552
3;Filomena;Ratke;Heber_Skiles52@yahoo.com;wilted descriptive weather;(603) 413-0330 x9915
4;Richie;Bode;Orion17@gmail.com;yowza;(772) 281-5895 x816
5;Elinore;O'Conner;Regan.Hills@yahoo.com;savage octagon;316.902.7588 x972
6;Matteo;Roberts;Laurine.Osinski@hotmail.com;suburban;765.550.1852
7;Emelia;Morissette;Camron14@hotmail.com;aw overjoyed vicious;(572) 716-9971 x0915
8;Graciela;Lynch;Moriah.Nader90@hotmail.com;separately vaulting;(303) 412-8748 x1876
9;Vincenzo;Emard;Sidney_Pfeffer-Hills69@gmail.com;on informal sad;1-731-970-3839 x5811
10;Elissa;Jacobi;Camille.Spinka10@gmail.com;thump the;377-607-9491 x0232
